{
  "project_info": {
    "project_number": "24096358228",
    "firebase_url": "https://sampleandroidapplication.firebaseio.com",
    "project_id": "sampleandroidapplication",
    "storage_bucket": "sampleandroidapplication.appspot.com"
  },
  "client": [
    {
      "client_info": {
        "mobilesdk_app_id": "1:24096358228:android:b7e2a7237272b3d9",
        "android_client_info": {
          "package_name": "com.example.sampleandroidapplication"
        }
      },
      "oauth_client": [
        {
          "client_id": "24096358228-g3apgtujitsoguu2a8hmafiftgei3epr.apps.googleusercontent.com",
          "client_type": 1,
          "android_info": {
            "package_name": "com.example.sampleandroidapplication",
            "certificate_hash": "251ba812b4aa52c1ddeb2e3bdaff6b7f31e271ad"
          }
        },
        {
          "client_id": "24096358228-lvl52tps2q75js8qphsbh5kqpl4uhkkv.apps.googleusercontent.com",
          "client_type": 3
        },
        {
          "client_id": "24096358228-lvl52tps2q75js8qphsbh5kqpl4uhkkv.apps.googleusercontent.com",
          "client_type": 3
        }
      ],
      "api_key": [
        {
          "current_key": "AIzaSyCHfz-DPA9leFJ2p3KytK-kZP9VUyojKIE"
        }
      ],
      "services": {
        "analytics_service": {
          "status": 1
        },
        "appinvite_service": {
          "status": 2,
          "other_platform_oauth_client": [
            {
              "client_id": "24096358228-lvl52tps2q75js8qphsbh5kqpl4uhkkv.apps.googleusercontent.com",
              "client_type": 3
            }
          ]
        },
        "ads_service": {
          "status": 2
        }
      }
    }
  ],
  "configuration_version": "1"
}