<?xml version="1.0" encoding="UTF-8"?>
<beans xmlns="http://www.springframework.org/schema/beans"
	xmlns:xsi="http://www.w3.org/2001/XMLSchema-instance" xmlns:p="http://www.springframework.org/schema/p"
	xmlns:aop="http://www.springframework.org/schema/aop" xmlns:context="http://www.springframework.org/schema/context"
	xmlns:tx="http://www.springframework.org/schema/tx" xmlns:jee="http://www.springframework.org/schema/jee"
	xmlns:cache="http://www.springframework.org/schema/cache"
	xsi:schemaLocation="http://www.springframework.org/schema/beans
						http://www.springframework.org/schema/beans/spring-beans-4.0.xsd
				        http://www.springframework.org/schema/context 
						http://www.springframework.org/schema/context/spring-context-4.0.xsd
				        http://www.springframework.org/schema/aop
				        http://www.springframework.org/schema/aop/spring-aop-4.0.xsd
				        http://www.springframework.org/schema/jee 
				        http://www.springframework.org/schema/jee/spring-jee-4.0.xsd
				        http://www.springframework.org/schema/tx
				        http://www.springframework.org/schema/tx/spring-tx-4.0.xsd
				       ">

	<tx:annotation-driven transaction-manager="txManager" />
	<context:annotation-config
		transaction-manager="txManager" />
		
	
	

	<bean id="txManager"
		class="org.springframework.transaction.jta.JtaTransactionManager">
	</bean>

	<jee:jndi-lookup id="dataSource" jndi-name="java:/vRegCoSSDS" />
	
	
	<bean id="jdbcTemplate" class="org.springframework.jdbc.core.JdbcTemplate">
		<constructor-arg ref="dataSource" />
	</bean>

	<!-- needed is for @Configurable -->
	<context:component-scan base-package="com.gs.crick" />

	<!-- <jee:jndi-lookup id="vRetDataSource" jndi-name="java:/vReturnsDS" />
	<bean id="vRetJDBCTemplate" class="org.springframework.jdbc.core.JdbcTemplate">
		<constructor-arg ref="vRetDataSource" />
	</bean> -->

	<!-- <bean id="jpaTemp" class="org.springframework.orm.jpa.JpaTemplate" 
		autowire="constructor" /> -->
	<bean id="namedJdbcTemplate"
		class="org.springframework.jdbc.core.namedparam.NamedParameterJdbcTemplate">
		<constructor-arg ref="dataSource" />
	</bean>

	<!-- Spring will inject this container managed persistence unit anywhere 
		you use @PersistenceContext. -->
	<bean id="entityManagerFactory"
		class="org.springframework.orm.jpa.LocalContainerEntityManagerFactoryBean">
		<property name="dataSource" ref="dataSource" />
		<property name="persistenceUnitName" value="vRegCoSSPU" />
	</bean>



	


	
</beans>